{
  "timestamp": "2026-01-03T03:45:33.139Z",
  "environment": {
    "platform": "linux",
    "arch": "x64",
    "bunVersion": "1.3.5",
    "cpuCount": 4,
    "totalMemory": 16772579328
  },
  "results": [
    {
      "operation": "replace",
      "fileCount": 10,
      "complexity": "simple",
      "runs": 20,
      "timing": {
        "mean": 0.09848,
        "median": 0.093445,
        "min": 0.073687,
        "max": 0.147526,
        "p95": 0.145021,
        "p99": 0.147526,
        "stdDev": 0.021880008059870545
      },
      "memory": {
        "heapUsed": 0,
        "heapTotal": 2666496,
        "external": 347120,
        "rss": 1038880
      },
      "throughput": {
        "filesPerSecond": 10154.346060113729,
        "operationsPerSecond": 10154.346060113729,
        "bytesPerSecond": 42952883.83428107
      }
    },
    {
      "operation": "replace",
      "fileCount": 10,
      "complexity": "medium",
      "runs": 20,
      "timing": {
        "mean": 0.07302785,
        "median": 0.0731515,
        "min": 0.035517,
        "max": 0.115676,
        "p95": 0.103664,
        "p99": 0.115676,
        "stdDev": 0.021558542219442853
      },
      "memory": {
        "heapUsed": 0,
        "heapTotal": 3223552,
        "external": 347120,
        "rss": 1038880
      },
      "throughput": {
        "filesPerSecond": 13693.40600880349,
        "operationsPerSecond": 13693.40600880349,
        "bytesPerSecond": 101605072.58532189
      }
    },
    {
      "operation": "replace",
      "fileCount": 10,
      "complexity": "complex",
      "runs": 20,
      "timing": {
        "mean": 0.08827305,
        "median": 0.0918465,
        "min": 0.054442,
        "max": 0.119594,
        "p95": 0.112621,
        "p99": 0.119594,
        "stdDev": 0.017673534033902216
      },
      "memory": {
        "heapUsed": 0,
        "heapTotal": 3716096,
        "external": 347120,
        "rss": 1038880
      },
      "throughput": {
        "filesPerSecond": 11328.48587422775,
        "operationsPerSecond": 11328.48587422775,
        "bytesPerSecond": 418576224.5668412
      }
    },
    {
      "operation": "replace",
      "fileCount": 50,
      "complexity": "simple",
      "runs": 20,
      "timing": {
        "mean": 0.1907534,
        "median": 0.168139,
        "min": 0.124783,
        "max": 0.325759,
        "p95": 0.317012,
        "p99": 0.325759,
        "stdDev": 0.056344956614944694
      },
      "memory": {
        "heapUsed": 0,
        "heapTotal": 6256640,
        "external": 347120,
        "rss": 1038880
      },
      "throughput": {
        "filesPerSecond": 5242.370516069438,
        "operationsPerSecond": 5242.370516069438,
        "bytesPerSecond": 111085831.2355114
      }
    },
    {
      "operation": "replace",
      "fileCount": 50,
      "complexity": "medium",
      "runs": 20,
      "timing": {
        "mean": 0.1651519,
        "median": 0.1477355,
        "min": 0.122459,
        "max": 0.381713,
        "p95": 0.263542,
        "p99": 0.381713,
        "stdDev": 0.05808950768761945
      },
      "memory": {
        "heapUsed": 0,
        "heapTotal": 8863744,
        "external": 347120,
        "rss": 1038880
      },
      "throughput": {
        "filesPerSecond": 6055.031761669105,
        "operationsPerSecond": 6055.031761669105,
        "bytesPerSecond": 224883879.62839058
      }
    },
    {
      "operation": "replace",
      "fileCount": 50,
      "complexity": "complex",
      "runs": 20,
      "timing": {
        "mean": 0.26558555,
        "median": 0.2645845,
        "min": 0.254065,
        "max": 0.288859,
        "p95": 0.276767,
        "p99": 0.288859,
        "stdDev": 0.007806963349952399
      },
      "memory": {
        "heapUsed": 0,
        "heapTotal": 11388928,
        "external": 347120,
        "rss": 1038880
      },
      "throughput": {
        "filesPerSecond": 3765.265090664759,
        "operationsPerSecond": 3765.265090664759,
        "bytesPerSecond": 697665968.6492733
      }
    },
    {
      "operation": "replace",
      "fileCount": 100,
      "complexity": "simple",
      "runs": 20,
      "timing": {
        "mean": 0.44393485,
        "median": 0.4276385,
        "min": 0.382694,
        "max": 0.587748,
        "p95": 0.565346,
        "p99": 0.587748,
        "stdDev": 0.04988717035198027
      },
      "memory": {
        "heapUsed": 0,
        "heapTotal": 16584704,
        "external": 347120,
        "rss": 1038880
      },
      "throughput": {
        "filesPerSecond": 2252.5827832620034,
        "operationsPerSecond": 2252.5827832620034,
        "bytesPerSecond": 95486984.18247633
      }
    },
    {
      "operation": "replace",
      "fileCount": 100,
      "complexity": "medium",
      "runs": 20,
      "timing": {
        "mean": 0.32258085,
        "median": 0.2935785,
        "min": 0.245388,
        "max": 0.540249,
        "p95": 0.4923,
        "p99": 0.540249,
        "stdDev": 0.08425303255211351
      },
      "memory": {
        "heapUsed": 0,
        "heapTotal": 21814272,
        "external": 347120,
        "rss": 1038880
      },
      "throughput": {
        "filesPerSecond": 3099.9980315012504,
        "operationsPerSecond": 3099.9980315012504,
        "bytesPerSecond": 230298853.7602279
      }
    },
    {
      "operation": "replace",
      "fileCount": 100,
      "complexity": "complex",
      "runs": 20,
      "timing": {
        "mean": 0.77416575,
        "median": 0.7905125,
        "min": 0.509281,
        "max": 1.052676,
        "p95": 0.835261,
        "p99": 1.052676,
        "stdDev": 0.10767074939735258
      },
      "memory": {
        "heapUsed": 0,
        "heapTotal": 22433792,
        "external": 2246089,
        "rss": 3440953
      },
      "throughput": {
        "filesPerSecond": 1291.7130472382692,
        "operationsPerSecond": 1291.7130472382692,
        "bytesPerSecond": 479153204.5947525
      }
    },
    {
      "operation": "append-to-section",
      "fileCount": 10,
      "complexity": "simple",
      "runs": 20,
      "timing": {
        "mean": 0.1210706,
        "median": 0.1286455,
        "min": 0.061645,
        "max": 0.247793,
        "p95": 0.196396,
        "p99": 0.247793,
        "stdDev": 0.04640747731928551
      },
      "memory": {
        "heapUsed": 0,
        "heapTotal": 22434816,
        "external": 2246089,
        "rss": 3440953
      },
      "throughput": {
        "filesPerSecond": 8259.643546823092,
        "operationsPerSecond": 8259.643546823092,
        "bytesPerSecond": 34938292.203061685
      }
    },
    {
      "operation": "append-to-section",
      "fileCount": 10,
      "complexity": "medium",
      "runs": 20,
      "timing": {
        "mean": 0.63785445,
        "median": 0.6831305,
        "min": 0.335176,
        "max": 0.907265,
        "p95": 0.78673,
        "p99": 0.907265,
        "stdDev": 0.14906189352731133
      },
      "memory": {
        "heapUsed": 0,
        "heapTotal": 24500224,
        "external": 2246089,
        "rss": 3440953
      },
      "throughput": {
        "filesPerSecond": 1567.7557787673977,
        "operationsPerSecond": 1567.7557787673977,
        "bytesPerSecond": 11632747.878454091
      }
    },
    {
      "operation": "append-to-section",
      "fileCount": 10,
      "complexity": "complex",
      "runs": 20,
      "timing": {
        "mean": 1.36680545,
        "median": 1.2379375,
        "min": 0.681073,
        "max": 2.727956,
        "p95": 2.05535,
        "p99": 2.727956,
        "stdDev": 0.5917977371462715
      },
      "memory": {
        "heapUsed": 0,
        "heapTotal": 30660608,
        "external": 2409054,
        "rss": 3707358
      },
      "throughput": {
        "filesPerSecond": 731.633020632161,
        "operationsPerSecond": 731.633020632161,
        "bytesPerSecond": 27033108.479337715
      }
    },
    {
      "operation": "append-to-section",
      "fileCount": 50,
      "complexity": "simple",